{
  "availability": {
    "tier": 3,
    "visible": true,
    "categories": [
      "metal",
      "intangible"
    ],
    "gear_blacklist": []
  },
  "crafting_items": {
    "main": {
      "item": "iceandfire:ghost_ingot"
    }
  },
  "name": {
    "translate": "material.iafgear.ghost_ingot"
  },
  "name_prefix": {
    "translate": "material.iafgear.ghost_ingot.prefix"
  },
  "stats": {
    "coating": {
      "enchantability": {
        "add": 10.0
      }
    }
  },
  "traits": {
    "coating": [
      {
        "name": "iafgear:phantasmal",
        "level": 1
      }
    ]
  }
}
