{
	"credit": "Made with Blockbench",
	"parent": "block/block",
	"textures": {
		"2": "block/variants/roots/roots_big",
		"particle": "block/spore_blossom",
		"flower": "block/spore_blossom"
	},
	"elements": [
		{
			"from": [-6, 15.9, -6],
			"to": [22, 15.9, 22],
			"shade": false,
			"rotation": {"angle": 0, "axis": "y", "origin": [1, 8, 15]},
			"faces": {
				"up": {"uv": [1, 1, 15, 15], "texture": "#2"},
				"down": {"uv": [1, 1, 15, 15], "texture": "#2"}
			}
		},
		{
			"from": [8, 15.7, 0],
			"to": [24, 15.7, 16],
			"shade": false,
			"rotation": {"angle": -22.5, "axis": "z", "origin": [8, 16, 0]},
			"faces": {
				"up": {"uv": [0, 0, 16, 16], "rotation": 90, "texture": "#flower"},
				"down": {"uv": [0, 16, 16, 0], "rotation": 270, "texture": "#flower"}
			}
		},
		{
			"from": [-8, 15.7, 0],
			"to": [8, 15.7, 16],
			"shade": false,
			"rotation": {"angle": 22.5, "axis": "z", "origin": [8, 16, 0]},
			"faces": {
				"up": {"uv": [0, 0, 16, 16], "rotation": 270, "texture": "#flower"},
				"down": {"uv": [0, 16, 16, 0], "rotation": 90, "texture": "#flower"}
			}
		},
		{
			"from": [0, 15.7, 8],
			"to": [16, 15.7, 24],
			"shade": false,
			"rotation": {"angle": 22.5, "axis": "x", "origin": [0, 16, 8]},
			"faces": {
				"up": {"uv": [16, 16, 0, 0], "texture": "#flower"},
				"down": {"uv": [16, 0, 0, 16], "texture": "#flower"}
			}
		},
		{
			"from": [0, 15.7, -8],
			"to": [16, 15.7, 8],
			"shade": false,
			"rotation": {"angle": -22.5, "axis": "x", "origin": [0, 16, 8]},
			"faces": {
				"up": {"uv": [0, 0, 16, 16], "texture": "#flower"},
				"down": {"uv": [0, 16, 16, 0], "texture": "#flower"}
			}
		}
	]
}