{
	"credit": "Made with Blockbench",
	"parent": "minecraft:block/template_four_candles",
	"elements": [
		{
			"from": [7, 0, 7],
			"to": [9, 6, 9],
			"faces": {
				"north": {"uv": [0, 8, 2, 14], "texture": "#all"},
				"east": {"uv": [0, 8, 2, 14], "texture": "#all"},
				"south": {"uv": [0, 8, 2, 14], "texture": "#all"},
				"west": {"uv": [0, 8, 2, 14], "texture": "#all"},
				"up": {"uv": [0, 6, 2, 8], "texture": "#all"},
				"down": {"uv": [0, 14, 2, 16], "texture": "#all", "cullface": "down"}
			}
		},
		{
			"from": [7.5, 6, 8],
			"to": [8.5, 7, 8],
			"rotation": {"angle": 45, "axis": "y", "origin": [8, 6, 8]},
			"faces": {
				"north": {"uv": [0, 5, 1, 6], "texture": "#all"},
				"east": {"uv": [0, 0, 0, 0], "texture": "#all"},
				"south": {"uv": [0, 5, 1, 6], "texture": "#all"},
				"west": {"uv": [0, 0, 0, 0], "texture": "#all"},
				"up": {"uv": [0, 0, 0, 0], "texture": "#all"},
				"down": {"uv": [0, 0, 0, 0], "texture": "#all"}
			}
		},
		{
			"from": [7.5, 6, 8],
			"to": [8.5, 7, 8],
			"rotation": {"angle": -45, "axis": "y", "origin": [8, 6, 8]},
			"faces": {
				"north": {"uv": [0, 5, 1, 6], "texture": "#all"},
				"east": {"uv": [0, 0, 0, 0], "texture": "#all"},
				"south": {"uv": [0, 5, 1, 6], "texture": "#all"},
				"west": {"uv": [0, 0, 0, 0], "texture": "#all"},
				"up": {"uv": [0, 0, 0, 0], "texture": "#all"},
				"down": {"uv": [0, 0, 0, 0], "texture": "#all"}
			}
		},
		{
			"from": [8.04207, 7.9, 7.84676],
			"to": [8.04207, 9.7, 8.14676],
			"rotation": {"angle": 0, "axis": "y", "origin": [7.96458, 4.73, 8.02417]},
			"faces": {
				"north": {"uv": [5, 10, 8.5, 12], "texture": "#all"},
				"east": {"uv": [0.5, 5, 1, 6], "texture": "#all"},
				"south": {"uv": [5, 10, 8.5, 12], "texture": "#all"},
				"west": {"uv": [0.5, 5, 1, 6], "texture": "#all"},
				"up": {"uv": [5, 6.5, 8.5, 10], "texture": "#all"},
				"down": {"uv": [0, 0, 0, 0], "texture": "#all"}
			}
		},
		{
			"from": [7.89207, 7.9, 7.99676],
			"to": [8.19207, 9.7, 7.99676],
			"rotation": {"angle": 0, "axis": "y", "origin": [7.96458, 4.73, 8.02417]},
			"faces": {
				"north": {"uv": [0.5, 5, 1, 6], "texture": "#all"},
				"east": {"uv": [5, 10, 8.5, 12], "texture": "#all"},
				"south": {"uv": [0.5, 5, 1, 6], "texture": "#all"},
				"west": {"uv": [5, 10, 8.5, 12], "texture": "#all"},
				"up": {"uv": [5, 6.5, 8.5, 10], "rotation": 270, "texture": "#all"},
				"down": {"uv": [0, 0, 0, 0], "texture": "#all"}
			}
		},
		{
			"from": [6.5, -0.2, 6.5],
			"to": [9.5, 8.5, 9.5],
			"rotation": {"angle": -45, "axis": "y", "origin": [7.96458, 4.73, 8.02417]},
			"faces": {
				"north": {"uv": [11, 7.5, 14, 16], "texture": "#all"},
				"east": {"uv": [11, 7.5, 14, 16], "texture": "#all"},
				"south": {"uv": [11, 7.5, 14, 16], "texture": "#all"},
				"west": {"uv": [11, 7.5, 14, 16], "texture": "#all"},
				"down": {"uv": [8, 13, 11, 16], "texture": "#all"}
			}
		},
		{
			"name": "candle_3",
			"from": [6.7, -0.04167, 9.78333],
			"to": [7.2, 1.45833, 9.78333],
			"rotation": {"angle": -45, "axis": "y", "origin": [7.96458, 4.73, 8.02417]},
			"faces": {
				"north": {"uv": [13, 7, 13.5, 5.5], "rotation": 180, "texture": "#all"},
				"east": {"uv": [13, 5.5, 13.5, 7], "texture": "#all"},
				"south": {"uv": [13, 5.5, 13.5, 7], "texture": "#all"},
				"west": {"uv": [13, 5.5, 13.5, 7], "texture": "#all"},
				"up": {"uv": [13.5, 5.5, 13, 6], "rotation": 180, "texture": "#all"},
				"down": {"uv": [13, 6.5, 13.5, 7], "texture": "#all"}
			}
		},
		{
			"name": "candle_8",
			"from": [6.2, -0.04167, 9.78333],
			"to": [6.7, 0.95833, 9.78333],
			"rotation": {"angle": -45, "axis": "y", "origin": [7.96458, 4.73, 8.02417]},
			"faces": {
				"north": {"uv": [12.5, 7, 13, 6], "rotation": 180, "texture": "#all"},
				"east": {"uv": [12.5, 6, 13, 7], "texture": "#all"},
				"south": {"uv": [12.5, 6, 13, 7], "texture": "#all"},
				"west": {"uv": [12.5, 6, 13, 7], "texture": "#all"},
				"up": {"uv": [13, 6, 12.5, 6.5], "rotation": 180, "texture": "#all"},
				"down": {"uv": [12.5, 6.5, 13, 7], "texture": "#all"}
			}
		},
		{
			"name": "candle_9",
			"from": [7.2, -0.04167, 9.78333],
			"to": [8.2, 0.95833, 9.78333],
			"rotation": {"angle": -45, "axis": "y", "origin": [7.96458, 4.73, 8.02417]},
			"faces": {
				"north": {"uv": [13.5, 7, 14.5, 6], "rotation": 180, "texture": "#all"},
				"east": {"uv": [14, 6, 14.5, 7], "texture": "#all"},
				"south": {"uv": [13.5, 6, 14.5, 7], "texture": "#all"},
				"west": {"uv": [13.5, 6, 14, 7], "texture": "#all"},
				"up": {"uv": [14.5, 6, 13.5, 6.5], "rotation": 180, "texture": "#all"},
				"down": {"uv": [13.5, 6.5, 14.5, 7], "texture": "#all"}
			}
		},
		{
			"name": "candle_4",
			"from": [8.2, -0.04167, 9.78333],
			"to": [8.7, 1.45833, 9.78333],
			"rotation": {"angle": -45, "axis": "y", "origin": [7.96458, 4.73, 8.02417]},
			"faces": {
				"north": {"uv": [14.5, 7, 15, 5.5], "rotation": 180, "texture": "#all"},
				"east": {"uv": [14.5, 5.5, 15, 7], "texture": "#all"},
				"south": {"uv": [14.5, 5.5, 15, 7], "texture": "#all"},
				"west": {"uv": [14.5, 5.5, 15, 7], "texture": "#all"},
				"up": {"uv": [15, 5.5, 14.5, 6], "rotation": 180, "texture": "#all"},
				"down": {"uv": [14.5, 6.5, 15, 7], "texture": "#all"}
			}
		},
		{
			"name": "candle_10",
			"from": [8.7, -0.04167, 9.78333],
			"to": [9.2, 0.95833, 9.78333],
			"rotation": {"angle": -45, "axis": "y", "origin": [7.96458, 4.73, 8.02417]},
			"faces": {
				"north": {"uv": [15, 7, 15.5, 6], "rotation": 180, "texture": "#all"},
				"east": {"uv": [15, 6, 15.5, 7], "texture": "#all"},
				"south": {"uv": [15, 6, 15.5, 7], "texture": "#all"},
				"west": {"uv": [15, 6, 15.5, 7], "texture": "#all"},
				"up": {"uv": [15.5, 6, 15, 6.5], "rotation": 180, "texture": "#all"},
				"down": {"uv": [15, 6.5, 15.5, 7], "texture": "#all"}
			}
		},
		{
			"name": "candle_13",
			"from": [9.2, -0.04167, 9.78333],
			"to": [9.7, 0.45833, 9.78333],
			"rotation": {"angle": -45, "axis": "y", "origin": [7.96458, 4.73, 8.02417]},
			"faces": {
				"north": {"uv": [15.5, 7, 16, 6.5], "rotation": 180, "texture": "#all"},
				"east": {"uv": [15.5, 6.5, 16, 7], "texture": "#all"},
				"south": {"uv": [15.5, 6.5, 16, 7], "texture": "#all"},
				"west": {"uv": [15.5, 6.5, 16, 7], "texture": "#all"},
				"up": {"uv": [16, 6.5, 15.5, 7], "rotation": 180, "texture": "#all"},
				"down": {"uv": [15.5, 6.5, 16, 7], "texture": "#all"}
			}
		},
		{
			"name": "candle_4",
			"from": [9.69167, -0.04167, 8.8],
			"to": [9.69167, 1.45833, 9.3],
			"rotation": {"angle": -45, "axis": "y", "origin": [7.96458, 4.73, 8.02417]},
			"faces": {
				"north": {"uv": [13, 5.5, 13.5, 7], "texture": "#all"},
				"east": {"uv": [13, 5.5, 13.5, 7], "texture": "#all"},
				"south": {"uv": [13, 5.5, 13.5, 7], "texture": "#all"},
				"west": {"uv": [13, 7, 13.5, 5.5], "rotation": 180, "texture": "#all"},
				"up": {"uv": [13.5, 5.5, 13, 6], "rotation": 90, "texture": "#all"},
				"down": {"uv": [13, 6.5, 13.5, 7], "rotation": 90, "texture": "#all"}
			}
		},
		{
			"name": "candle_9",
			"from": [9.69167, -0.04167, 9.3],
			"to": [9.69167, 0.95833, 9.8],
			"rotation": {"angle": -45, "axis": "y", "origin": [7.96458, 4.73, 8.02417]},
			"faces": {
				"north": {"uv": [12.5, 6, 13, 7], "texture": "#all"},
				"east": {"uv": [12.5, 6, 13, 7], "texture": "#all"},
				"south": {"uv": [12.5, 6, 13, 7], "texture": "#all"},
				"west": {"uv": [12.5, 7, 13, 6], "rotation": 180, "texture": "#all"},
				"up": {"uv": [13, 6, 12.5, 6.5], "rotation": 90, "texture": "#all"},
				"down": {"uv": [12.5, 6.5, 13, 7], "rotation": 90, "texture": "#all"}
			}
		},
		{
			"name": "candle_10",
			"from": [9.69167, -0.04167, 7.8],
			"to": [9.69167, 0.95833, 8.8],
			"rotation": {"angle": -45, "axis": "y", "origin": [7.96458, 4.73, 8.02417]},
			"faces": {
				"north": {"uv": [14, 6, 14.5, 7], "texture": "#all"},
				"east": {"uv": [13.5, 6, 14.5, 7], "texture": "#all"},
				"south": {"uv": [13.5, 6, 14, 7], "texture": "#all"},
				"west": {"uv": [13.5, 7, 14.5, 6], "rotation": 180, "texture": "#all"},
				"up": {"uv": [14.5, 6, 13.5, 6.5], "rotation": 90, "texture": "#all"},
				"down": {"uv": [13.5, 6.5, 14.5, 7], "rotation": 90, "texture": "#all"}
			}
		},
		{
			"name": "candle_5",
			"from": [9.69167, -0.04167, 7.3],
			"to": [9.69167, 1.45833, 7.8],
			"rotation": {"angle": -45, "axis": "y", "origin": [7.96458, 4.73, 8.02417]},
			"faces": {
				"north": {"uv": [14.5, 5.5, 15, 7], "texture": "#all"},
				"east": {"uv": [14.5, 5.5, 15, 7], "texture": "#all"},
				"south": {"uv": [14.5, 5.5, 15, 7], "texture": "#all"},
				"west": {"uv": [14.5, 7, 15, 5.5], "rotation": 180, "texture": "#all"},
				"up": {"uv": [15, 5.5, 14.5, 6], "rotation": 90, "texture": "#all"},
				"down": {"uv": [14.5, 6.5, 15, 7], "rotation": 90, "texture": "#all"}
			}
		},
		{
			"name": "candle_11",
			"from": [9.69167, -0.04167, 6.8],
			"to": [9.69167, 0.95833, 7.3],
			"rotation": {"angle": -45, "axis": "y", "origin": [7.96458, 4.73, 8.02417]},
			"faces": {
				"north": {"uv": [15, 6, 15.5, 7], "texture": "#all"},
				"east": {"uv": [15, 6, 15.5, 7], "texture": "#all"},
				"south": {"uv": [15, 6, 15.5, 7], "texture": "#all"},
				"west": {"uv": [15, 7, 15.5, 6], "rotation": 180, "texture": "#all"},
				"up": {"uv": [15.5, 6, 15, 6.5], "rotation": 90, "texture": "#all"},
				"down": {"uv": [15, 6.5, 15.5, 7], "rotation": 90, "texture": "#all"}
			}
		},
		{
			"name": "candle_14",
			"from": [9.69167, -0.04167, 6.3],
			"to": [9.69167, 0.45833, 6.8],
			"rotation": {"angle": -45, "axis": "y", "origin": [7.96458, 4.73, 8.02417]},
			"faces": {
				"north": {"uv": [15.5, 6.5, 16, 7], "texture": "#all"},
				"east": {"uv": [15.5, 6.5, 16, 7], "texture": "#all"},
				"south": {"uv": [15.5, 6.5, 16, 7], "texture": "#all"},
				"west": {"uv": [15.5, 7, 16, 6.5], "rotation": 180, "texture": "#all"},
				"up": {"uv": [16, 6.5, 15.5, 7], "rotation": 90, "texture": "#all"},
				"down": {"uv": [15.5, 6.5, 16, 7], "rotation": 90, "texture": "#all"}
			}
		},
		{
			"name": "candle_5",
			"from": [8.68333, -0.04167, 6.28333],
			"to": [9.18333, 1.45833, 6.28333],
			"rotation": {"angle": -45, "axis": "y", "origin": [7.96458, 4.73, 8.02417]},
			"faces": {
				"north": {"uv": [13, 5.5, 13.5, 7], "texture": "#all"},
				"east": {"uv": [13, 5.5, 13.5, 7], "texture": "#all"},
				"south": {"uv": [13, 7, 13.5, 5.5], "rotation": 180, "texture": "#all"},
				"west": {"uv": [13, 5.5, 13.5, 7], "texture": "#all"},
				"up": {"uv": [13.5, 5.5, 13, 6], "texture": "#all"},
				"down": {"uv": [13, 6.5, 13.5, 7], "rotation": 180, "texture": "#all"}
			}
		},
		{
			"name": "candle_10",
			"from": [9.18333, -0.04167, 6.28333],
			"to": [9.68333, 0.95833, 6.28333],
			"rotation": {"angle": -45, "axis": "y", "origin": [7.96458, 4.73, 8.02417]},
			"faces": {
				"north": {"uv": [12.5, 6, 13, 7], "texture": "#all"},
				"east": {"uv": [12.5, 6, 13, 7], "texture": "#all"},
				"south": {"uv": [12.5, 7, 13, 6], "rotation": 180, "texture": "#all"},
				"west": {"uv": [12.5, 6, 13, 7], "texture": "#all"},
				"up": {"uv": [13, 6, 12.5, 6.5], "texture": "#all"},
				"down": {"uv": [12.5, 6.5, 13, 7], "rotation": 180, "texture": "#all"}
			}
		},
		{
			"name": "candle_11",
			"from": [7.68333, -0.04167, 6.28333],
			"to": [8.68333, 0.95833, 6.28333],
			"rotation": {"angle": -45, "axis": "y", "origin": [7.96458, 4.73, 8.02417]},
			"faces": {
				"north": {"uv": [13.5, 6, 14.5, 7], "texture": "#all"},
				"east": {"uv": [13.5, 6, 14, 7], "texture": "#all"},
				"south": {"uv": [13.5, 7, 14.5, 6], "rotation": 180, "texture": "#all"},
				"west": {"uv": [14, 6, 14.5, 7], "texture": "#all"},
				"up": {"uv": [14.5, 6, 13.5, 6.5], "texture": "#all"},
				"down": {"uv": [13.5, 6.5, 14.5, 7], "rotation": 180, "texture": "#all"}
			}
		},
		{
			"name": "candle_6",
			"from": [7.18333, -0.04167, 6.28333],
			"to": [7.68333, 1.45833, 6.28333],
			"rotation": {"angle": -45, "axis": "y", "origin": [7.96458, 4.73, 8.02417]},
			"faces": {
				"north": {"uv": [14.5, 5.5, 15, 7], "texture": "#all"},
				"east": {"uv": [14.5, 5.5, 15, 7], "texture": "#all"},
				"south": {"uv": [14.5, 7, 15, 5.5], "rotation": 180, "texture": "#all"},
				"west": {"uv": [14.5, 5.5, 15, 7], "texture": "#all"},
				"up": {"uv": [15, 5.5, 14.5, 6], "texture": "#all"},
				"down": {"uv": [14.5, 6.5, 15, 7], "rotation": 180, "texture": "#all"}
			}
		},
		{
			"name": "candle_12",
			"from": [6.68333, -0.04167, 6.28333],
			"to": [7.18333, 0.95833, 6.28333],
			"rotation": {"angle": -45, "axis": "y", "origin": [7.96458, 4.73, 8.02417]},
			"faces": {
				"north": {"uv": [15, 6, 15.5, 7], "texture": "#all"},
				"east": {"uv": [15, 6, 15.5, 7], "texture": "#all"},
				"south": {"uv": [15, 7, 15.5, 6], "rotation": 180, "texture": "#all"},
				"west": {"uv": [15, 6, 15.5, 7], "texture": "#all"},
				"up": {"uv": [15.5, 6, 15, 6.5], "texture": "#all"},
				"down": {"uv": [15, 6.5, 15.5, 7], "rotation": 180, "texture": "#all"}
			}
		},
		{
			"name": "candle_15",
			"from": [6.18333, -0.04167, 6.28333],
			"to": [6.68333, 0.45833, 6.28333],
			"rotation": {"angle": -45, "axis": "y", "origin": [7.96458, 4.73, 8.02417]},
			"faces": {
				"north": {"uv": [15.5, 6.5, 16, 7], "texture": "#all"},
				"east": {"uv": [15.5, 6.5, 16, 7], "texture": "#all"},
				"south": {"uv": [15.5, 7, 16, 6.5], "rotation": 180, "texture": "#all"},
				"west": {"uv": [15.5, 6.5, 16, 7], "texture": "#all"},
				"up": {"uv": [16, 6.5, 15.5, 7], "texture": "#all"},
				"down": {"uv": [15.5, 6.5, 16, 7], "rotation": 180, "texture": "#all"}
			}
		},
		{
			"name": "candle_6",
			"from": [6.19167, -0.04167, 6.79167],
			"to": [6.19167, 1.45833, 7.29167],
			"rotation": {"angle": -45, "axis": "y", "origin": [7.96458, 4.73, 8.02417]},
			"faces": {
				"north": {"uv": [13, 5.5, 13.5, 7], "texture": "#all"},
				"east": {"uv": [13, 7, 13.5, 5.5], "rotation": 180, "texture": "#all"},
				"south": {"uv": [13, 5.5, 13.5, 7], "texture": "#all"},
				"west": {"uv": [13, 5.5, 13.5, 7], "texture": "#all"},
				"up": {"uv": [13.5, 5.5, 13, 6], "rotation": 270, "texture": "#all"},
				"down": {"uv": [13, 6.5, 13.5, 7], "rotation": 270, "texture": "#all"}
			}
		},
		{
			"name": "candle_11",
			"from": [6.19167, -0.04167, 6.29167],
			"to": [6.19167, 0.95833, 6.79167],
			"rotation": {"angle": -45, "axis": "y", "origin": [7.96458, 4.73, 8.02417]},
			"faces": {
				"north": {"uv": [12.5, 6, 13, 7], "texture": "#all"},
				"east": {"uv": [12.5, 7, 13, 6], "rotation": 180, "texture": "#all"},
				"south": {"uv": [12.5, 6, 13, 7], "texture": "#all"},
				"west": {"uv": [12.5, 6, 13, 7], "texture": "#all"},
				"up": {"uv": [13, 6, 12.5, 6.5], "rotation": 270, "texture": "#all"},
				"down": {"uv": [12.5, 6.5, 13, 7], "rotation": 270, "texture": "#all"}
			}
		},
		{
			"name": "candle_12",
			"from": [6.19167, -0.04167, 7.29167],
			"to": [6.19167, 0.95833, 8.29167],
			"rotation": {"angle": -45, "axis": "y", "origin": [7.96458, 4.73, 8.02417]},
			"faces": {
				"north": {"uv": [13.5, 6, 14, 7], "texture": "#all"},
				"east": {"uv": [13.5, 7, 14.5, 6], "rotation": 180, "texture": "#all"},
				"south": {"uv": [14, 6, 14.5, 7], "texture": "#all"},
				"west": {"uv": [13.5, 6, 14.5, 7], "texture": "#all"},
				"up": {"uv": [14.5, 6, 13.5, 6.5], "rotation": 270, "texture": "#all"},
				"down": {"uv": [13.5, 6.5, 14.5, 7], "rotation": 270, "texture": "#all"}
			}
		},
		{
			"name": "candle_7",
			"from": [6.19167, -0.04167, 8.29167],
			"to": [6.19167, 1.45833, 8.79167],
			"rotation": {"angle": -45, "axis": "y", "origin": [7.96458, 4.73, 8.02417]},
			"faces": {
				"north": {"uv": [14.5, 5.5, 15, 7], "texture": "#all"},
				"east": {"uv": [14.5, 7, 15, 5.5], "rotation": 180, "texture": "#all"},
				"south": {"uv": [14.5, 5.5, 15, 7], "texture": "#all"},
				"west": {"uv": [14.5, 5.5, 15, 7], "texture": "#all"},
				"up": {"uv": [15, 5.5, 14.5, 6], "rotation": 270, "texture": "#all"},
				"down": {"uv": [14.5, 6.5, 15, 7], "rotation": 270, "texture": "#all"}
			}
		},
		{
			"name": "candle_13",
			"from": [6.19167, -0.04167, 8.79167],
			"to": [6.19167, 0.95833, 9.29167],
			"rotation": {"angle": -45, "axis": "y", "origin": [7.96458, 4.73, 8.02417]},
			"faces": {
				"north": {"uv": [15, 6, 15.5, 7], "texture": "#all"},
				"east": {"uv": [15, 7, 15.5, 6], "rotation": 180, "texture": "#all"},
				"south": {"uv": [15, 6, 15.5, 7], "texture": "#all"},
				"west": {"uv": [15, 6, 15.5, 7], "texture": "#all"},
				"up": {"uv": [15.5, 6, 15, 6.5], "rotation": 270, "texture": "#all"},
				"down": {"uv": [15, 6.5, 15.5, 7], "rotation": 270, "texture": "#all"}
			}
		},
		{
			"name": "candle_16",
			"from": [6.19167, -0.04167, 9.29167],
			"to": [6.19167, 0.45833, 9.79167],
			"rotation": {"angle": -45, "axis": "y", "origin": [7.96458, 4.73, 8.02417]},
			"faces": {
				"north": {"uv": [15.5, 6.5, 16, 7], "texture": "#all"},
				"east": {"uv": [15.5, 7, 16, 6.5], "rotation": 180, "texture": "#all"},
				"south": {"uv": [15.5, 6.5, 16, 7], "texture": "#all"},
				"west": {"uv": [15.5, 6.5, 16, 7], "texture": "#all"},
				"up": {"uv": [16, 6.5, 15.5, 7], "rotation": 270, "texture": "#all"},
				"down": {"uv": [15.5, 6.5, 16, 7], "rotation": 270, "texture": "#all"}
			}
		},
		{
			"name": "candle_1",
			"from": [6.725, 8.05, 6.75],
			"to": [9.225, 8.55, 6.75],
			"rotation": {"angle": -45, "axis": "y", "origin": [7.96458, 4.73, 8.02417]},
			"faces": {
				"north": {"uv": [16, 0, 13.5, 0.5], "texture": "#all"},
				"east": {"uv": [15.5, 0, 16, 0.5], "rotation": 90, "texture": "#all"},
				"south": {"uv": [13.5, 0, 16, 0.5], "texture": "#all"},
				"west": {"uv": [13.5, 0, 14, 0.5], "rotation": 270, "texture": "#all"},
				"up": {"uv": [13.5, 0, 16, 0.5], "texture": "#all"},
				"down": {"uv": [13.5, 0.5, 16, 0], "texture": "#all"}
			}
		},
		{
			"name": "candle_1",
			"from": [9.225, 8.05, 6.75],
			"to": [9.225, 8.55, 9.25],
			"rotation": {"angle": -45, "axis": "y", "origin": [7.96458, 4.73, 8.02417]},
			"faces": {
				"north": {"uv": [13.5, 0, 14, 0.5], "rotation": 270, "texture": "#all"},
				"east": {"uv": [16, 0, 13.5, 0.5], "texture": "#all"},
				"south": {"uv": [15.5, 0, 16, 0.5], "rotation": 90, "texture": "#all"},
				"west": {"uv": [13.5, 0, 16, 0.5], "texture": "#all"},
				"up": {"uv": [13.5, 0, 16, 0.5], "rotation": 90, "texture": "#all"},
				"down": {"uv": [13.5, 0.5, 16, 0], "rotation": 270, "texture": "#all"}
			}
		},
		{
			"name": "candle_2",
			"from": [6.725, 8.05, 9.25],
			"to": [9.225, 8.55, 9.25],
			"rotation": {"angle": -45, "axis": "y", "origin": [7.96458, 4.73, 8.02417]},
			"faces": {
				"north": {"uv": [13.5, 0, 16, 0.5], "texture": "#all"},
				"east": {"uv": [13.5, 0, 14, 0.5], "rotation": 270, "texture": "#all"},
				"south": {"uv": [16, 0, 13.5, 0.5], "texture": "#all"},
				"west": {"uv": [15.5, 0, 16, 0.5], "rotation": 90, "texture": "#all"},
				"up": {"uv": [13.5, 0, 16, 0.5], "rotation": 180, "texture": "#all"},
				"down": {"uv": [13.5, 0.5, 16, 0], "rotation": 180, "texture": "#all"}
			}
		},
		{
			"name": "candle_0",
			"from": [6.725, 8.05, 6.75],
			"to": [6.725, 8.55, 9.25],
			"rotation": {"angle": -45, "axis": "y", "origin": [7.96458, 4.73, 8.02417]},
			"faces": {
				"north": {"uv": [15.5, 0, 16, 0.5], "rotation": 90, "texture": "#all"},
				"east": {"uv": [13.5, 0, 16, 0.5], "texture": "#all"},
				"south": {"uv": [13.5, 0, 14, 0.5], "rotation": 270, "texture": "#all"},
				"west": {"uv": [16, 0, 13.5, 0.5], "texture": "#all"},
				"up": {"uv": [13.5, 0, 16, 0.5], "rotation": 270, "texture": "#all"},
				"down": {"uv": [13.5, 0.5, 16, 0], "rotation": 90, "texture": "#all"}
			}
		},
		{
			"name": "candle_1",
			"from": [6.725, 8.05, 6.75],
			"to": [9.225, 8.05, 9.25],
			"rotation": {"angle": -45, "axis": "y", "origin": [7.96458, 4.73, 8.02417]},
			"faces": {
				"north": {"uv": [16, 1, 13.5, 1.5], "texture": "#all"},
				"east": {"uv": [15.5, 1, 16, 3.5], "rotation": 90, "texture": "#all"},
				"south": {"uv": [13.5, 3, 16, 3.5], "texture": "#all"},
				"west": {"uv": [13.5, 1, 14, 3.5], "rotation": 270, "texture": "#all"},
				"up": {"uv": [13.5, 1, 16, 3.5], "texture": "#all"},
				"down": {"uv": [13.5, 3.5, 16, 1], "texture": "#all"}
			}
		},
		{
			"name": "candle_7",
			"from": [6.225, 8.55, 6.25],
			"to": [9.725, 8.55, 6.75],
			"rotation": {"angle": -45, "axis": "y", "origin": [7.96458, 4.73, 8.02417]},
			"faces": {
				"north": {"uv": [9, 6, 5.5, 6.5], "texture": "#all"},
				"east": {"uv": [8.5, 6, 9, 6.5], "rotation": 90, "texture": "#all"},
				"south": {"uv": [5.5, 6, 9, 6.5], "texture": "#all"},
				"west": {"uv": [5.5, 6, 6, 6.5], "rotation": 270, "texture": "#all"},
				"up": {"uv": [5.5, 6, 9, 6.5], "texture": "#all"},
				"down": {"uv": [5.5, 6.5, 9, 6], "texture": "#all"}
			}
		},
		{
			"name": "candle_12",
			"from": [9.225, 8.55, 6.75],
			"to": [9.725, 8.55, 9.75],
			"rotation": {"angle": -45, "axis": "y", "origin": [7.96458, 4.73, 8.02417]},
			"faces": {
				"north": {"uv": [9, 6.5, 8.5, 7], "texture": "#all"},
				"east": {"uv": [8.5, 6.5, 9, 9.5], "rotation": 90, "texture": "#all"},
				"south": {"uv": [8.5, 9, 9, 9.5], "texture": "#all"},
				"west": {"uv": [8.5, 6.5, 9, 9.5], "rotation": 270, "texture": "#all"},
				"up": {"uv": [8.5, 6.5, 9, 9.5], "texture": "#all"},
				"down": {"uv": [8.5, 9.5, 9, 6.5], "texture": "#all"}
			}
		},
		{
			"name": "candle_15",
			"from": [6.725, 8.55, 9.25],
			"to": [9.225, 8.55, 9.75],
			"rotation": {"angle": -45, "axis": "y", "origin": [7.96458, 4.73, 8.02417]},
			"faces": {
				"north": {"uv": [8.5, 9, 6, 9.5], "texture": "#all"},
				"east": {"uv": [8, 9, 8.5, 9.5], "rotation": 90, "texture": "#all"},
				"south": {"uv": [6, 9, 8.5, 9.5], "texture": "#all"},
				"west": {"uv": [6, 9, 6.5, 9.5], "rotation": 270, "texture": "#all"},
				"up": {"uv": [6, 9, 8.5, 9.5], "texture": "#all"},
				"down": {"uv": [6, 9.5, 8.5, 9], "texture": "#all"}
			}
		},
		{
			"name": "candle_11",
			"from": [6.225, 8.55, 6.75],
			"to": [6.725, 8.55, 9.75],
			"rotation": {"angle": -45, "axis": "y", "origin": [7.96458, 4.73, 8.02417]},
			"faces": {
				"north": {"uv": [6, 6.5, 5.5, 7], "texture": "#all"},
				"east": {"uv": [5.5, 6.5, 6, 9.5], "rotation": 90, "texture": "#all"},
				"south": {"uv": [5.5, 9, 6, 9.5], "texture": "#all"},
				"west": {"uv": [5.5, 6.5, 6, 9.5], "rotation": 270, "texture": "#all"},
				"up": {"uv": [5.5, 6.5, 6, 9.5], "texture": "#all"},
				"down": {"uv": [5.5, 9.5, 6, 6.5], "texture": "#all"}
			}
		},
		{
			"name": "candle_17",
			"from": [6.225, 7.56667, 9.74167],
			"to": [9.725, 8.56667, 9.74167],
			"rotation": {"angle": -45, "axis": "y", "origin": [7.96458, 4.73, 8.02417]},
			"faces": {
				"north": {"uv": [5.5, 11, 9, 10], "rotation": 180, "texture": "#all"},
				"east": {"uv": [8.5, 10, 9, 11], "texture": "#all"},
				"south": {"uv": [5.5, 10, 9, 11], "texture": "#all"},
				"west": {"uv": [5.5, 10, 6, 11], "texture": "#all"},
				"up": {"uv": [9, 10, 5.5, 10.5], "rotation": 180, "texture": "#all"},
				"down": {"uv": [5.5, 10.5, 9, 11], "texture": "#all"}
			}
		},
		{
			"name": "candle_20",
			"from": [9.225, 7.06667, 9.74167],
			"to": [9.725, 7.56667, 9.74167],
			"rotation": {"angle": -45, "axis": "y", "origin": [7.96458, 4.73, 8.02417]},
			"faces": {
				"north": {"uv": [8.5, 11.5, 9, 11], "rotation": 180, "texture": "#all"},
				"east": {"uv": [8.5, 11, 9, 11.5], "texture": "#all"},
				"south": {"uv": [8.5, 11, 9, 11.5], "texture": "#all"},
				"west": {"uv": [8.5, 11, 9, 11.5], "texture": "#all"},
				"up": {"uv": [9, 11, 8.5, 11.5], "rotation": 180, "texture": "#all"},
				"down": {"uv": [8.5, 11, 9, 11.5], "texture": "#all"}
			}
		},
		{
			"name": "candle_19",
			"from": [7.725, 7.06667, 9.74167],
			"to": [8.725, 7.56667, 9.74167],
			"rotation": {"angle": -45, "axis": "y", "origin": [7.96458, 4.73, 8.02417]},
			"faces": {
				"north": {"uv": [7, 11.5, 8, 11], "rotation": 180, "texture": "#all"},
				"east": {"uv": [7.5, 11, 8, 11.5], "texture": "#all"},
				"south": {"uv": [7, 11, 8, 11.5], "texture": "#all"},
				"west": {"uv": [7, 11, 7.5, 11.5], "texture": "#all"},
				"up": {"uv": [8, 11, 7, 11.5], "rotation": 180, "texture": "#all"},
				"down": {"uv": [7, 11, 8, 11.5], "texture": "#all"}
			}
		},
		{
			"name": "candle_22",
			"from": [8.225, 6.56667, 9.74167],
			"to": [8.725, 7.06667, 9.74167],
			"rotation": {"angle": -45, "axis": "y", "origin": [7.96458, 4.73, 8.02417]},
			"faces": {
				"north": {"uv": [7.5, 12, 8, 11.5], "rotation": 180, "texture": "#all"},
				"east": {"uv": [7.5, 11.5, 8, 12], "texture": "#all"},
				"south": {"uv": [7.5, 11.5, 8, 12], "texture": "#all"},
				"west": {"uv": [7.5, 11.5, 8, 12], "texture": "#all"},
				"up": {"uv": [8, 11.5, 7.5, 12], "rotation": 180, "texture": "#all"},
				"down": {"uv": [7.5, 11.5, 8, 12], "texture": "#all"}
			}
		},
		{
			"name": "candle_21",
			"from": [6.225, 6.56667, 9.74167],
			"to": [6.725, 7.06667, 9.74167],
			"rotation": {"angle": -45, "axis": "y", "origin": [7.96458, 4.73, 8.02417]},
			"faces": {
				"north": {"uv": [5.5, 12, 6, 11.5], "rotation": 180, "texture": "#all"},
				"east": {"uv": [5.5, 11.5, 6, 12], "texture": "#all"},
				"south": {"uv": [5.5, 11.5, 6, 12], "texture": "#all"},
				"west": {"uv": [5.5, 11.5, 6, 12], "texture": "#all"},
				"up": {"uv": [6, 11.5, 5.5, 12], "rotation": 180, "texture": "#all"},
				"down": {"uv": [5.5, 11.5, 6, 12], "texture": "#all"}
			}
		},
		{
			"name": "candle_18",
			"from": [6.225, 7.06667, 9.74167],
			"to": [7.225, 7.56667, 9.74167],
			"rotation": {"angle": -45, "axis": "y", "origin": [7.96458, 4.73, 8.02417]},
			"faces": {
				"north": {"uv": [5.5, 11.5, 6.5, 11], "rotation": 180, "texture": "#all"},
				"east": {"uv": [6, 11, 6.5, 11.5], "texture": "#all"},
				"south": {"uv": [5.5, 11, 6.5, 11.5], "texture": "#all"},
				"west": {"uv": [5.5, 11, 6, 11.5], "texture": "#all"},
				"up": {"uv": [6.5, 11, 5.5, 11.5], "rotation": 180, "texture": "#all"},
				"down": {"uv": [5.5, 11, 6.5, 11.5], "texture": "#all"}
			}
		},
		{
			"name": "candle_18",
			"from": [9.71667, 7.56667, 6.25833],
			"to": [9.71667, 8.56667, 9.75833],
			"rotation": {"angle": -45, "axis": "y", "origin": [7.96458, 4.73, 8.02417]},
			"faces": {
				"north": {"uv": [8.5, 10, 9, 11], "texture": "#all"},
				"east": {"uv": [5.5, 10, 9, 11], "texture": "#all"},
				"south": {"uv": [5.5, 10, 6, 11], "texture": "#all"},
				"west": {"uv": [5.5, 11, 9, 10], "rotation": 180, "texture": "#all"},
				"up": {"uv": [9, 10, 5.5, 10.5], "rotation": 90, "texture": "#all"},
				"down": {"uv": [5.5, 10.5, 9, 11], "rotation": 90, "texture": "#all"}
			}
		},
		{
			"name": "candle_21",
			"from": [9.71667, 7.06667, 6.25833],
			"to": [9.71667, 7.56667, 6.75833],
			"rotation": {"angle": -45, "axis": "y", "origin": [7.96458, 4.73, 8.02417]},
			"faces": {
				"north": {"uv": [8.5, 11, 9, 11.5], "texture": "#all"},
				"east": {"uv": [8.5, 11, 9, 11.5], "texture": "#all"},
				"south": {"uv": [8.5, 11, 9, 11.5], "texture": "#all"},
				"west": {"uv": [8.5, 11.5, 9, 11], "rotation": 180, "texture": "#all"},
				"up": {"uv": [9, 11, 8.5, 11.5], "rotation": 90, "texture": "#all"},
				"down": {"uv": [8.5, 11, 9, 11.5], "rotation": 90, "texture": "#all"}
			}
		},
		{
			"name": "candle_20",
			"from": [9.71667, 7.06667, 7.25833],
			"to": [9.71667, 7.56667, 8.25833],
			"rotation": {"angle": -45, "axis": "y", "origin": [7.96458, 4.73, 8.02417]},
			"faces": {
				"north": {"uv": [7.5, 11, 8, 11.5], "texture": "#all"},
				"east": {"uv": [7, 11, 8, 11.5], "texture": "#all"},
				"south": {"uv": [7, 11, 7.5, 11.5], "texture": "#all"},
				"west": {"uv": [7, 11.5, 8, 11], "rotation": 180, "texture": "#all"},
				"up": {"uv": [8, 11, 7, 11.5], "rotation": 90, "texture": "#all"},
				"down": {"uv": [7, 11, 8, 11.5], "rotation": 90, "texture": "#all"}
			}
		},
		{
			"name": "candle_23",
			"from": [9.71667, 6.56667, 7.25833],
			"to": [9.71667, 7.06667, 7.75833],
			"rotation": {"angle": -45, "axis": "y", "origin": [7.96458, 4.73, 8.02417]},
			"faces": {
				"north": {"uv": [7.5, 11.5, 8, 12], "texture": "#all"},
				"east": {"uv": [7.5, 11.5, 8, 12], "texture": "#all"},
				"south": {"uv": [7.5, 11.5, 8, 12], "texture": "#all"},
				"west": {"uv": [7.5, 12, 8, 11.5], "rotation": 180, "texture": "#all"},
				"up": {"uv": [8, 11.5, 7.5, 12], "rotation": 90, "texture": "#all"},
				"down": {"uv": [7.5, 11.5, 8, 12], "rotation": 90, "texture": "#all"}
			}
		},
		{
			"name": "candle_22",
			"from": [9.71667, 6.56667, 9.25833],
			"to": [9.71667, 7.06667, 9.75833],
			"rotation": {"angle": -45, "axis": "y", "origin": [7.96458, 4.73, 8.02417]},
			"faces": {
				"north": {"uv": [5.5, 11.5, 6, 12], "texture": "#all"},
				"east": {"uv": [5.5, 11.5, 6, 12], "texture": "#all"},
				"south": {"uv": [5.5, 11.5, 6, 12], "texture": "#all"},
				"west": {"uv": [5.5, 12, 6, 11.5], "rotation": 180, "texture": "#all"},
				"up": {"uv": [6, 11.5, 5.5, 12], "rotation": 90, "texture": "#all"},
				"down": {"uv": [5.5, 11.5, 6, 12], "rotation": 90, "texture": "#all"}
			}
		},
		{
			"name": "candle_19",
			"from": [9.71667, 7.06667, 8.75833],
			"to": [9.71667, 7.56667, 9.75833],
			"rotation": {"angle": -45, "axis": "y", "origin": [7.96458, 4.73, 8.02417]},
			"faces": {
				"north": {"uv": [6, 11, 6.5, 11.5], "texture": "#all"},
				"east": {"uv": [5.5, 11, 6.5, 11.5], "texture": "#all"},
				"south": {"uv": [5.5, 11, 6, 11.5], "texture": "#all"},
				"west": {"uv": [5.5, 11.5, 6.5, 11], "rotation": 180, "texture": "#all"},
				"up": {"uv": [6.5, 11, 5.5, 11.5], "rotation": 90, "texture": "#all"},
				"down": {"uv": [5.5, 11, 6.5, 11.5], "rotation": 90, "texture": "#all"}
			}
		},
		{
			"name": "candle_19",
			"from": [6.23333, 7.56667, 6.26667],
			"to": [9.73333, 8.56667, 6.26667],
			"rotation": {"angle": -45, "axis": "y", "origin": [7.96458, 4.73, 8.02417]},
			"faces": {
				"north": {"uv": [5.5, 10, 9, 11], "texture": "#all"},
				"east": {"uv": [5.5, 10, 6, 11], "texture": "#all"},
				"south": {"uv": [5.5, 11, 9, 10], "rotation": 180, "texture": "#all"},
				"west": {"uv": [8.5, 10, 9, 11], "texture": "#all"},
				"up": {"uv": [9, 10, 5.5, 10.5], "texture": "#all"},
				"down": {"uv": [5.5, 10.5, 9, 11], "rotation": 180, "texture": "#all"}
			}
		},
		{
			"name": "candle_22",
			"from": [6.23333, 7.06667, 6.26667],
			"to": [6.73333, 7.56667, 6.26667],
			"rotation": {"angle": -45, "axis": "y", "origin": [7.96458, 4.73, 8.02417]},
			"faces": {
				"north": {"uv": [8.5, 11, 9, 11.5], "texture": "#all"},
				"east": {"uv": [8.5, 11, 9, 11.5], "texture": "#all"},
				"south": {"uv": [8.5, 11.5, 9, 11], "rotation": 180, "texture": "#all"},
				"west": {"uv": [8.5, 11, 9, 11.5], "texture": "#all"},
				"up": {"uv": [9, 11, 8.5, 11.5], "texture": "#all"},
				"down": {"uv": [8.5, 11, 9, 11.5], "rotation": 180, "texture": "#all"}
			}
		},
		{
			"name": "candle_21",
			"from": [7.23333, 7.06667, 6.26667],
			"to": [8.23333, 7.56667, 6.26667],
			"rotation": {"angle": -45, "axis": "y", "origin": [7.96458, 4.73, 8.02417]},
			"faces": {
				"north": {"uv": [7, 11, 8, 11.5], "texture": "#all"},
				"east": {"uv": [7, 11, 7.5, 11.5], "texture": "#all"},
				"south": {"uv": [7, 11.5, 8, 11], "rotation": 180, "texture": "#all"},
				"west": {"uv": [7.5, 11, 8, 11.5], "texture": "#all"},
				"up": {"uv": [8, 11, 7, 11.5], "texture": "#all"},
				"down": {"uv": [7, 11, 8, 11.5], "rotation": 180, "texture": "#all"}
			}
		},
		{
			"name": "candle_24",
			"from": [7.23333, 6.56667, 6.26667],
			"to": [7.73333, 7.06667, 6.26667],
			"rotation": {"angle": -45, "axis": "y", "origin": [7.96458, 4.73, 8.02417]},
			"faces": {
				"north": {"uv": [7.5, 11.5, 8, 12], "texture": "#all"},
				"east": {"uv": [7.5, 11.5, 8, 12], "texture": "#all"},
				"south": {"uv": [7.5, 12, 8, 11.5], "rotation": 180, "texture": "#all"},
				"west": {"uv": [7.5, 11.5, 8, 12], "texture": "#all"},
				"up": {"uv": [8, 11.5, 7.5, 12], "texture": "#all"},
				"down": {"uv": [7.5, 11.5, 8, 12], "rotation": 180, "texture": "#all"}
			}
		},
		{
			"name": "candle_23",
			"from": [9.23333, 6.56667, 6.26667],
			"to": [9.73333, 7.06667, 6.26667],
			"rotation": {"angle": -45, "axis": "y", "origin": [7.96458, 4.73, 8.02417]},
			"faces": {
				"north": {"uv": [5.5, 11.5, 6, 12], "texture": "#all"},
				"east": {"uv": [5.5, 11.5, 6, 12], "texture": "#all"},
				"south": {"uv": [5.5, 12, 6, 11.5], "rotation": 180, "texture": "#all"},
				"west": {"uv": [5.5, 11.5, 6, 12], "texture": "#all"},
				"up": {"uv": [6, 11.5, 5.5, 12], "texture": "#all"},
				"down": {"uv": [5.5, 11.5, 6, 12], "rotation": 180, "texture": "#all"}
			}
		},
		{
			"name": "candle_20",
			"from": [8.73333, 7.06667, 6.26667],
			"to": [9.73333, 7.56667, 6.26667],
			"rotation": {"angle": -45, "axis": "y", "origin": [7.96458, 4.73, 8.02417]},
			"faces": {
				"north": {"uv": [5.5, 11, 6.5, 11.5], "texture": "#all"},
				"east": {"uv": [5.5, 11, 6, 11.5], "texture": "#all"},
				"south": {"uv": [5.5, 11.5, 6.5, 11], "rotation": 180, "texture": "#all"},
				"west": {"uv": [6, 11, 6.5, 11.5], "texture": "#all"},
				"up": {"uv": [6.5, 11, 5.5, 11.5], "texture": "#all"},
				"down": {"uv": [5.5, 11, 6.5, 11.5], "rotation": 180, "texture": "#all"}
			}
		},
		{
			"name": "candle_20",
			"from": [6.24167, 7.56667, 6.25],
			"to": [6.24167, 8.56667, 9.75],
			"rotation": {"angle": -45, "axis": "y", "origin": [7.96458, 4.73, 8.02417]},
			"faces": {
				"north": {"uv": [5.5, 10, 6, 11], "texture": "#all"},
				"east": {"uv": [5.5, 11, 9, 10], "rotation": 180, "texture": "#all"},
				"south": {"uv": [8.5, 10, 9, 11], "texture": "#all"},
				"west": {"uv": [5.5, 10, 9, 11], "texture": "#all"},
				"up": {"uv": [9, 10, 5.5, 10.5], "rotation": 270, "texture": "#all"},
				"down": {"uv": [5.5, 10.5, 9, 11], "rotation": 270, "texture": "#all"}
			}
		},
		{
			"name": "candle_23",
			"from": [6.24167, 7.06667, 9.25],
			"to": [6.24167, 7.56667, 9.75],
			"rotation": {"angle": -45, "axis": "y", "origin": [7.96458, 4.73, 8.02417]},
			"faces": {
				"north": {"uv": [8.5, 11, 9, 11.5], "texture": "#all"},
				"east": {"uv": [8.5, 11.5, 9, 11], "rotation": 180, "texture": "#all"},
				"south": {"uv": [8.5, 11, 9, 11.5], "texture": "#all"},
				"west": {"uv": [8.5, 11, 9, 11.5], "texture": "#all"},
				"up": {"uv": [9, 11, 8.5, 11.5], "rotation": 270, "texture": "#all"},
				"down": {"uv": [8.5, 11, 9, 11.5], "rotation": 270, "texture": "#all"}
			}
		},
		{
			"name": "candle_22",
			"from": [6.24167, 7.06667, 7.75],
			"to": [6.24167, 7.56667, 8.75],
			"rotation": {"angle": -45, "axis": "y", "origin": [7.96458, 4.73, 8.02417]},
			"faces": {
				"north": {"uv": [7, 11, 7.5, 11.5], "texture": "#all"},
				"east": {"uv": [7, 11.5, 8, 11], "rotation": 180, "texture": "#all"},
				"south": {"uv": [7.5, 11, 8, 11.5], "texture": "#all"},
				"west": {"uv": [7, 11, 8, 11.5], "texture": "#all"},
				"up": {"uv": [8, 11, 7, 11.5], "rotation": 270, "texture": "#all"},
				"down": {"uv": [7, 11, 8, 11.5], "rotation": 270, "texture": "#all"}
			}
		},
		{
			"name": "candle_25",
			"from": [6.24167, 6.56667, 8.25],
			"to": [6.24167, 7.06667, 8.75],
			"rotation": {"angle": -45, "axis": "y", "origin": [7.96458, 4.73, 8.02417]},
			"faces": {
				"north": {"uv": [7.5, 11.5, 8, 12], "texture": "#all"},
				"east": {"uv": [7.5, 12, 8, 11.5], "rotation": 180, "texture": "#all"},
				"south": {"uv": [7.5, 11.5, 8, 12], "texture": "#all"},
				"west": {"uv": [7.5, 11.5, 8, 12], "texture": "#all"},
				"up": {"uv": [8, 11.5, 7.5, 12], "rotation": 270, "texture": "#all"},
				"down": {"uv": [7.5, 11.5, 8, 12], "rotation": 270, "texture": "#all"}
			}
		},
		{
			"name": "candle_24",
			"from": [6.24167, 6.56667, 6.25],
			"to": [6.24167, 7.06667, 6.75],
			"rotation": {"angle": -45, "axis": "y", "origin": [7.96458, 4.73, 8.02417]},
			"faces": {
				"north": {"uv": [5.5, 11.5, 6, 12], "texture": "#all"},
				"east": {"uv": [5.5, 12, 6, 11.5], "rotation": 180, "texture": "#all"},
				"south": {"uv": [5.5, 11.5, 6, 12], "texture": "#all"},
				"west": {"uv": [5.5, 11.5, 6, 12], "texture": "#all"},
				"up": {"uv": [6, 11.5, 5.5, 12], "rotation": 270, "texture": "#all"},
				"down": {"uv": [5.5, 11.5, 6, 12], "rotation": 270, "texture": "#all"}
			}
		},
		{
			"name": "candle_21",
			"from": [6.24167, 7.06667, 6.25],
			"to": [6.24167, 7.56667, 7.25],
			"rotation": {"angle": -45, "axis": "y", "origin": [7.96458, 4.73, 8.02417]},
			"faces": {
				"north": {"uv": [5.5, 11, 6, 11.5], "texture": "#all"},
				"east": {"uv": [5.5, 11.5, 6.5, 11], "rotation": 180, "texture": "#all"},
				"south": {"uv": [6, 11, 6.5, 11.5], "texture": "#all"},
				"west": {"uv": [5.5, 11, 6.5, 11.5], "texture": "#all"},
				"up": {"uv": [6.5, 11, 5.5, 11.5], "rotation": 270, "texture": "#all"},
				"down": {"uv": [5.5, 11, 6.5, 11.5], "rotation": 270, "texture": "#all"}
			}
		}
	],
	"groups": [0, 1, 2,
		{
			"name": "candle_one_candle",
			"origin": [8, 8, 8],
			"children": [
				{
					"name": "Candle",
					"origin": [8, 3, 8],
					"children": [3, 4, 5,
						{
							"name": "candle",
							"origin": [8, 8, 8],
							"children": [
								{
									"name": "candle bottom",
									"origin": [14.29167, 11, 6.45833],
									"children": [
										{
											"name": "candle bottom1",
											"origin": [14.29167, 11, 6.45833],
											"children": [6, 7, 8, 9, 10, 11]
										},
										{
											"name": "candle bottom2",
											"origin": [14.29167, 11, 6.45833],
											"children": [12, 13, 14, 15, 16, 17]
										},
										{
											"name": "candle bottom3",
											"origin": [14.29167, 11, 6.45833],
											"children": [18, 19, 20, 21, 22, 23]
										},
										{
											"name": "candle bottom4",
											"origin": [14.29167, 11, 6.45833],
											"children": [24, 25, 26, 27, 28, 29]
										}
									]
								},
								{
									"name": "top",
									"origin": [8, 19, 8],
									"children": [30, 31, 32, 33, 34, 35, 36, 37, 38,
										{
											"name": "top side1",
											"origin": [7.16667, 11, 11.29167],
											"children": [39, 40, 41, 42, 43, 44]
										},
										{
											"name": "top side2",
											"origin": [7.16667, 11, 11.29167],
											"children": [45, 46, 47, 48, 49, 50]
										},
										{
											"name": "top side3",
											"origin": [7.16667, 11, 11.29167],
											"children": [51, 52, 53, 54, 55, 56]
										},
										{
											"name": "top side3",
											"origin": [7.16667, 11, 11.29167],
											"children": [57, 58, 59, 60, 61, 62]
										}
									]
								}
							]
						}
					]
				}
			]
		}
	]
}