{
  "parent": "iafgear:dragonsteel",
  "crafting_items": {
    "main": {
      "item": "iceandfire:dragonsteel_ice_ingot"
    }
  },
  "name": {
    "translate": "material.iafgear.dragonsteel.ice"
  },
  "traits": {
    "main": [
      {
        "name": "iafgear:dragon_defense",
        "level": 1,
        "conditions": [
          {
            "type": "silentgear:material_ratio",
            "ratio": 0.5
          },
          {
            "type": "silentgear:gear_type",
            "gear_type": "armor"
          }
        ]
      }, {
        "name": "iafgear:dragondamage_ice",
        "level": 1,
        "conditions": [
          {
            "type": "silentgear:material_ratio",
            "ratio": 0.5
          }
        ]
      }
    ]
  }
}
